"date","avg_Tavg"
2018-01-01,26.7606980886445
2018-01-02,26.8251824575792
2018-01-03,26.7675933957323
2018-01-04,26.7508643289267
2018-01-05,26.5271123718851
2018-01-06,26.4289991643379
2018-01-07,26.4668171847505
2018-01-08,26.6924822148779
2018-01-09,26.3967915629266
2018-01-10,26.2365032122962
2018-01-11,25.9580796535225
2018-01-12,26.0761036578535
2018-01-13,26.0513607719023
2018-01-14,25.7874897303757
2018-01-15,26.0992286578535
2018-01-16,26.209459187139
2018-01-17,26.3919000672194
2018-01-18,26.1724385126061
2018-01-19,26.1118572148779
2018-01-20,26.1453082437428
2018-01-21,26.3720437396798
2018-01-22,26.4862318687405
2018-01-23,26.6751411107036
2018-01-24,26.6340724153873
2018-01-25,26.7699822148779
2018-01-26,26.7228244689885
2018-01-27,27.0269048357722
2018-01-28,27.0013956634895
2018-01-29,26.9770236005185
2018-01-30,26.88162755937
2018-01-31,26.9258219821854
2018-02-01,26.9068935598229
2018-02-02,26.4953967913974
2018-02-03,26.5860995332285
2018-02-04,26.8706590718179
2018-02-05,26.4090687521843
2018-02-06,26.250600475074
2018-02-07,26.3364945523016
2018-02-08,26.4450870169281
2018-02-09,26.3833255182626
2018-02-10,26.4674008205824
2018-02-11,26.3829756910168
2018-02-12,26.4579367898844
2018-02-13,26.6409567136657
2018-02-14,26.5940006478282
2018-02-15,26.243161432245
2018-02-16,26.6859633767237
2018-02-17,26.7354756910168
2018-02-18,26.8282007342053
2018-02-19,26.5318993902058
2018-02-20,26.6468435495787
2018-02-21,26.7323005614511
2018-02-22,26.6113257342053
2018-02-23,26.3262756046397
2018-02-24,26.4265483428801
2018-02-25,26.4990006478282
2018-02-26,26.2367302116511
2018-02-27,26.6654018460648
2018-02-28,26.6190776318121
2018-03-01,26.5752167940953
2018-03-02,26.653046102732
2018-03-03,26.7194636404509
2018-03-04,27.1578840234336
2018-03-05,26.6028533129069
2018-03-06,26.8402102882038
2018-03-07,26.5071212095982
2018-03-08,26.6196234992423
2018-03-09,26.7012684316354
2018-03-10,26.7225184316354
2018-03-11,26.7561013302368
2018-03-12,26.5843934316354
2018-03-13,26.3874360981133
2018-03-14,26.7605080344647
2018-03-15,26.9909721412752
2018-03-16,26.9308673512402
2018-03-17,26.8115239081006
2018-03-18,26.8237121186412
2018-03-19,27.1077264397462
2018-03-20,26.9113296229681
2018-03-21,26.6811506230293
2018-03-22,26.551888628951
2018-03-23,26.9804690835198
2018-03-24,26.672372310442
2018-03-25,26.6190874537618
2018-03-26,26.5760924506071
2018-03-27,26.5365121508259
2018-03-28,26.9807881350107
2018-03-29,26.9283204343501
2018-03-30,26.8508498153675
2018-03-31,26.9168567818173
2018-04-01,27.0592991723235
2018-04-02,26.9063203511609
2018-04-03,26.7893317464004
2018-04-04,26.9589632262364
2018-04-05,27.2403419647004
2018-04-06,27.0520459536793
2018-04-07,26.9228419647004
2018-04-08,26.8851965281003
2018-04-09,27.042193039901
2018-04-10,27.2791598573337
2018-04-11,27.4145243555504
2018-04-12,27.5798113098003
2018-04-13,27.5812116740256
2018-04-14,27.5337539189503
2018-04-15,27.4955817464004
2018-04-16,27.1387563645287
2018-04-17,27.1343317464004
2018-04-18,27.0960365381638
2018-04-19,27.0931986673336
2018-04-20,27.1884418991198
2018-04-21,27.0828419647004
2018-04-22,27.1689011144352
2018-04-23,26.9797030343295
2018-04-24,26.958799009529
2018-04-25,26.7766860341136
2018-04-26,26.7279632176927
2018-04-27,27.0149510250636
2018-04-28,27.1891652240003
2018-04-29,27.3060715816928
2018-04-30,27.33072427071
2018-05-01,27.1422849190283
2018-05-02,26.9372502957298
2018-05-03,27.0794821501915
2018-05-04,27.1397305973965
2018-05-05,27.4606469298246
2018-05-06,27.5855475583546
2018-05-07,27.4430289771251
2018-05-08,27.1451729082321
2018-05-09,27.3180544452754
2018-05-10,27.2626404325365
2018-05-11,27.1943108974359
2018-05-12,27.1354374082279
2018-05-13,27.3962247390628
2018-05-14,27.3585126337857
2018-05-15,27.2618092158311
2018-05-16,27.1484033349064
2018-05-17,27.0177001657015
2018-05-18,26.8879968909616
2018-05-19,26.8019209415945
2018-05-20,26.8389229082321
2018-05-21,27.0461376176566
2018-05-22,27.4347927263919
2018-05-23,27.0699298413257
2018-05-24,27.1614146124806
2018-05-25,27.2037289136302
2018-05-26,27.0074275926503
2018-05-27,26.9989594208065
2018-05-28,26.9977015591713
2018-05-29,26.8582308456191
2018-05-30,26.7944875662945
2018-05-31,26.9252879416732
2018-06-01,26.7525744886489
2018-06-02,26.7546191890049
2018-06-03,26.9065572255889
2018-06-04,27.0466402056778
2018-06-05,27.3592203051222
2018-06-06,27.4593988054992
2018-06-07,27.3516629640362
2018-06-08,27.2748802069553
2018-06-09,27.2567153283637
2018-06-10,27.3010536748432
2018-06-11,27.5458370254649
2018-06-12,27.0668355589362
2018-06-13,26.8389479096236
2018-06-14,26.9391196496169
2018-06-15,26.7647929536632
2018-06-16,26.845022774258
2018-06-17,27.06509168385
2018-06-18,26.7005819219242
2018-06-19,26.7442095478871
2018-06-20,26.7887014916652
2018-06-21,26.7736379709305
2018-06-22,26.5086564560857
2018-06-23,26.1752654485082
2018-06-24,26.1732358575614
2018-06-25,25.6715894957387
2018-06-26,25.8564884525138
2018-06-27,26.0264541841762
2018-06-28,26.0817990164582
2018-06-29,25.8928482082488
2018-06-30,26.2208467151228
2018-07-01,26.0567403023335
2018-07-02,26.0697870709145
2018-07-03,26.0723334421526
2018-07-04,26.1062692098772
2018-07-05,26.094528675286
2018-07-06,25.9094847271172
2018-07-07,26.1371058732612
2018-07-08,26.4476150950391
2018-07-09,26.477630974438
2018-07-10,26.2988425179897
2018-07-11,26.2245041958723
2018-07-12,26.2916784723432
2018-07-13,26.2708351392535
2018-07-14,26.2541265710988
2018-07-15,26.4010441046589
2018-07-16,26.3648060918798
2018-07-17,26.5004619175403
2018-07-18,26.7685524206323
2018-07-19,26.8075852837271
2018-07-20,26.9871212678786
2018-07-21,26.90844998896
2018-07-22,26.9310413821491
2018-07-23,26.8832737720424
2018-07-24,26.7019242048855
2018-07-25,26.6954335435016
2018-07-26,26.5330370261334
2018-07-27,26.6239254548671
2018-07-28,26.4647709866951
2018-07-29,26.4739808732612
2018-07-30,26.3921549051043
2018-07-31,26.4387436103601
2018-08-01,26.0680168282209
2018-08-02,26.0617488506392
2018-08-03,26.0654522476625
2018-08-04,26.0854163724912
2018-08-05,26.2277300845941
2018-08-06,26.3089445274274
2018-08-07,26.4688439804086
2018-08-08,26.6407833788786
2018-08-09,26.7172783976228
2018-08-10,26.6530276543079
2018-08-11,26.8529401494914
2018-08-12,26.7348267442992
2018-08-13,26.9935283976228
2018-08-14,26.8902469882832
2018-08-15,26.9354033976228
2018-08-16,26.6614122240229
2018-08-17,26.5916009032682
2018-08-18,26.5397621374903
2018-08-19,26.7890258016108
2018-08-20,26.8515579446064
2018-08-21,26.7471472856774
2018-08-22,26.6844379468561
2018-08-23,26.7572018149993
2018-08-24,26.3535986154777
2018-08-25,26.2362931711146
2018-08-26,26.4991372205073
2018-08-27,26.7316212969404
2018-08-28,26.752307238099
2018-08-29,26.4435353384333
2018-08-30,26.4051709425217
2018-08-31,26.5605943036555
2018-09-01,26.4864254792826
2018-09-02,26.4201304535536
2018-09-03,26.5956841659223
2018-09-04,26.2093210915083
2018-09-05,26.4776429205222
2018-09-06,26.5237543483302
2018-09-07,26.8167745076574
2018-09-08,26.8691861821916
2018-09-09,26.6828283460624
2018-09-10,26.6913080929718
2018-09-11,26.539755874117
2018-09-12,26.6082837999126
2018-09-13,26.4525043483302
2018-09-14,26.5975040584416
2018-09-15,26.7441045644684
2018-09-16,26.7546615540626
2018-09-17,27.0279543437929
2018-09-18,26.8587549281076
2018-09-19,26.5162540584416
2018-09-20,26.6278522110801
2018-09-21,26.6911436438787
2018-09-22,27.1509616179998
2018-09-23,27.1800066674397
2018-09-24,27.0918793483302
2018-09-25,27.2147480495695
2018-09-26,27.2012705197154
2018-09-27,27.1500041625042
2018-09-28,27.0956024433787
2018-09-29,27.3127438757785
2018-09-30,27.4825857322401
2018-10-01,27.4648260608787
2018-10-02,27.2739816064377
2018-10-03,27.4531438996351
2018-10-04,27.3769255915709
2018-10-05,27.554019664546
2018-10-06,27.406922577098
2018-10-07,27.3607300022632
2018-10-08,27.2682298695457
2018-10-09,27.1690881776284
2018-10-10,27.1207591093117
2018-10-11,26.9812322874494
2018-10-12,26.9274822874494
2018-10-13,26.9476281414712
2018-10-14,27.0243572874494
2018-10-15,27.2329086538462
2018-10-16,27.156309678405
2018-10-17,27.1279300652415
2018-10-18,26.9169331983806
2018-10-19,27.0416630134867
2018-10-20,27.2311147786173
2018-10-21,27.2238081983806
2018-10-22,27.3633655143777
2018-10-23,27.0599063765182
2018-10-24,27.3764553524279
2018-10-25,27.3769116186693
2018-10-26,27.391553067186
2018-10-27,27.4546904627684
2018-10-28,27.2313111373752
2018-10-29,27.4011491940554
2018-10-30,27.5113029307667
2018-10-31,27.5033690915186
2018-11-01,27.5764314971632
2018-11-02,27.2479032123204
2018-11-03,27.6352666925838
2018-11-04,27.5604643822035
2018-11-05,27.5693377137822
2018-11-06,27.3934824728575
2018-11-07,27.1916243284341
2018-11-08,27.001600318267
2018-11-09,26.9474177881585
2018-11-10,27.1917605105105
2018-11-11,27.2908479975965
2018-11-12,27.2447975040568
2018-11-13,27.2809149605446
2018-11-14,27.3969770340141
2018-11-15,27.5502095502096
2018-11-16,27.7995767901428
2018-11-17,27.6011667663842
2018-11-18,27.3723855105105
2018-11-19,27.2371586390454
2018-11-20,27.4142733598984
2018-11-21,27.3143501992559
2018-11-22,27.2998840612765
2018-11-23,27.2967733598984
2018-11-24,27.0185106223323
2018-11-25,26.9363013975514
2018-11-26,26.8291043073652
2018-11-27,27.0199822509949
2018-11-28,27.088349693413
2018-11-29,27.016339757479
2018-11-30,26.9128782628783
2018-12-01,26.8675095525548
2018-12-02,26.98510317421
2018-12-03,27.0534617583265
2018-12-04,27.133698529857
2018-12-05,27.1275253566652
2018-12-06,27.1008074199486
2018-12-07,27.3816826172222
2018-12-08,27.1996982926617
2018-12-09,27.3595340924321
2018-12-10,27.3143109134561
2018-12-11,27.4764861279952
2018-12-12,27.279272392091
2018-12-13,27.1858905346125
2018-12-14,27.070977738513
2018-12-15,27.1233117572915
2018-12-16,27.1455970013705
2018-12-17,27.1002597452945
2018-12-18,27.2890466542887
2018-12-19,27.1392919638877
2018-12-20,27.1621809518502
2018-12-21,26.8938004189133
2018-12-22,26.8375253566652
2018-12-23,26.7477259842693
2018-12-24,26.8102819529122
2018-12-25,26.6623997584609
2018-12-26,26.7308850464715
2018-12-27,26.5831915995381
2018-12-28,26.9190776367546
2018-12-29,27.1365187420693
2018-12-30,27.3341197614802
2018-12-31,27.0692079060782
2019-01-01,26.8246298656051
2019-01-02,26.6778055413168
2019-01-03,26.8273953213099
2019-01-04,27.0631642118282
2019-01-05,27.1754478907547
2019-01-06,27.2300392118282
2019-01-07,27.2697994537287
2019-01-08,27.1755365977063
2019-01-09,26.9485955481259
2019-01-10,27.0009137292641
2019-01-11,27.1597982233835
2019-01-12,27.0954504886398
2019-01-13,26.9566563848429
2019-01-14,26.5660470541938
2019-01-15,26.5446019646298
2019-01-16,26.4456342261585
2019-01-17,26.5049899085803
2019-01-18,26.6669272824376
2019-01-19,26.8643432327025
2019-01-20,26.8098455180724
2019-01-21,26.5675392118282
2019-01-22,26.3939306395638
2019-01-23,26.8492908033577
2019-01-24,26.884870069137
2019-01-25,26.8056642118282
2019-01-26,27.0577726769372
2019-01-27,26.5835470541938
2019-01-28,26.6829220541938
2019-01-29,26.4606699723608
2019-01-30,26.6496652557691
2019-01-31,26.6585300244812
2019-02-01,26.6634389013453
2019-02-02,26.7549350280154
2019-02-03,26.8582319026265
2019-02-04,26.7141423766816
2019-02-05,26.6635696935725
2019-02-06,26.7670351881622
2019-02-07,26.9433823390286
2019-02-08,26.8124756390608
2019-02-09,26.8035658215115
2019-02-10,26.7398858711491
2019-02-11,26.6269796219561
2019-02-12,26.717375976535
2019-02-13,26.85315948321
2019-02-14,26.9119714756315
2019-02-15,26.7992208520179
2019-02-16,26.6692208520179
2019-02-17,26.685086591833
2019-02-18,26.7047447142548
2019-02-19,26.856067085864
2019-02-20,27.0140711214453
2019-02-21,26.9334941628351
2019-02-22,26.9240444159727
2019-02-23,26.9776920020435
2019-02-24,26.9678923766816
2019-02-25,27.2444022354879
2019-02-26,27.3491472155149
2019-02-27,27.4099641638879
2019-02-28,27.2564223331547
2019-03-01,26.9698242259531
2019-03-02,26.8856731846706
2019-03-03,26.7867579000448
2019-03-04,27.0832776990515
2019-03-05,26.9422839102316
2019-03-06,26.5522376236507
2019-03-07,26.6644383797922
2019-03-08,26.8733128670055
2019-03-09,27.0022558065453
2019-03-10,26.7624668408842
2019-03-11,26.6137981846706
2019-03-12,26.8115355665875
2019-03-13,26.8762981846706
2019-03-14,26.8511460861672
2019-03-15,26.8741167077544
2019-03-16,26.8057088650773
2019-03-17,26.6678667077544
2019-03-18,26.8327014231286
2019-03-19,27.091912740852
2019-03-20,27.3018994416499
2019-03-21,27.2663946280118
2019-03-22,27.470855338803
2019-03-23,27.3559001753201
2019-03-24,27.1506731846706
2019-03-25,27.1665075127161
2019-03-26,27.1605199462125
2019-03-27,27.1132560348886
2019-03-28,26.9539328658012
2019-03-29,27.2105861093962
2019-03-30,27.1016066660913
2019-03-31,27.0312166310163
2019-04-01,26.7331247497503
2019-04-02,26.81323762225
2019-04-03,27.0023889703374
2019-04-04,27.2770752540519
2019-04-05,26.9955566722007
2019-04-06,27.3048734423871
2019-04-07,27.4813814486853
2019-04-08,27.7302974542869
2019-04-09,27.6496815387267
2019-04-10,27.5211330014803
2019-04-11,27.476744737348
2019-04-12,27.2941714832123
2019-04-13,27.3209120199397
2019-04-14,27.1911677934227
2019-04-15,27.2764090955741
2019-04-16,27.2093963558501
2019-04-17,27.527123200064
2019-04-18,27.6844591760515
2019-04-19,27.628453665533
2019-04-20,27.3225448064422
2019-04-21,27.5559366535847
2019-04-22,27.6632564151736
2019-04-23,27.5621662492113
2019-04-24,27.4052280325928
2019-04-25,27.3708224424741
2019-04-26,27.2210631836244
2019-04-27,26.9515565387267
2019-04-28,27.001482417835
2019-04-29,27.2306901657992
2019-04-30,27.1321595299126
2019-05-01,27.4468545619098
2019-05-02,27.3744009360464
2019-05-03,27.7643257712017
2019-05-04,27.7280721499992
2019-05-05,27.297628683481
2019-05-06,27.4730063856744
2019-05-07,27.7662245053789
2019-05-08,27.7428084655549
2019-05-09,27.6440663271902
2019-05-10,27.6345938058534
2019-05-11,27.5053650609336
2019-05-12,27.5514062259866
2019-05-13,27.5134664766236
2019-05-14,27.5397599653922
2019-05-15,27.5912361385109
2019-05-16,27.2744985916449
2019-05-17,27.0430794052103
2019-05-18,27.1126996583749
2019-05-19,27.4013155797658
2019-05-20,27.4097771269844
2019-05-21,27.5443452279952
2019-05-22,27.4369843695747
2019-05-23,27.5435704610473
2019-05-24,27.3472371636067
2019-05-25,27.4280696768136
2019-05-26,27.5248359260714
2019-05-27,27.4643251780284
2019-05-28,27.542442495859
2019-05-29,27.432046412777
2019-05-30,27.1782903802358
2019-05-31,27.1151036296144
2019-06-01,26.8727464771267
2019-06-02,26.9226484207312
2019-06-03,26.5084559846903
2019-06-04,26.7357135250033
2019-06-05,27.1332210446687
2019-06-06,27.06228605657
2019-06-07,26.819865315472
2019-06-08,26.7154506135321
2019-06-09,26.8614838060538
2019-06-10,27.1030091224876
2019-06-11,27.2390924780691
2019-06-12,26.9284006541697
2019-06-13,27.1874411646392
2019-06-14,27.1523293249235
2019-06-15,26.8547655541168
2019-06-16,26.7325541697149
2019-06-17,26.5788161870282
2019-06-18,26.4968604012696
2019-06-19,26.3755782762046
2019-06-20,26.4861753418544
2019-06-21,26.4781088413802
2019-06-22,26.5045415703265
2019-06-23,26.6833271226645
2019-06-24,26.670664242261
2019-06-25,26.8383987890251
2019-06-26,26.7496984458362
2019-06-27,26.7431374123441
2019-06-28,26.5711037358219
2019-06-29,26.4495500029907
2019-06-30,26.4080835970997
2019-07-01,26.5537562200597
2019-07-02,26.6096675888665
2019-07-03,26.7156011066398
2019-07-04,26.5940024493572
2019-07-05,26.6487247735188
2019-07-06,26.5218125914418
2019-07-07,26.3446054668376
2019-07-08,26.2855158905916
2019-07-09,26.2493509580691
2019-07-10,26.261058474617
2019-07-11,26.4414907333589
2019-07-12,26.1952629825072
2019-07-13,26.213354151804
2019-07-14,26.0730811026497
2019-07-15,25.9701084213176
2019-07-16,26.282684366155
2019-07-17,26.3794102165737
2019-07-18,26.4396039409061
2019-07-19,26.6751425393732
2019-07-20,26.9377144769385
2019-07-21,26.4092153771888
2019-07-22,26.1927499307515
2019-07-23,26.1158039658485
2019-07-24,26.1191650250911
2019-07-25,26.0921236714487
2019-07-26,26.2155848039404
2019-07-27,26.2735608620275
2019-07-28,26.3371604269492
2019-07-29,26.2581064162754
2019-07-30,26.1906064162754
2019-07-31,26.2375606790068
2019-08-01,26.3529886611766
2019-08-02,26.4244327233407
2019-08-03,26.249672665478
2019-08-04,26.3263177019049
2019-08-05,26.1053298210012
2019-08-06,26.1586024195685
2019-08-07,26.1554841765099
2019-08-08,26.369239916003
2019-08-09,26.5413180975702
2019-08-10,26.6773485386855
2019-08-11,26.7833784568314
2019-08-12,26.8781495346613
2019-08-13,27.0115049665278
2019-08-14,26.8816851757628
2019-08-15,26.6562743803553
2019-08-16,26.6411855063714
2019-08-17,26.7442274870018
2019-08-18,26.5977555826528
2019-08-19,26.4886483102636
2019-08-20,26.7072634587119
2019-08-21,26.8169861544462
2019-08-22,26.6991019062101
2019-08-23,26.7108720551354
2019-08-24,26.670176972684
2019-08-25,26.555926296038
2019-08-26,26.571717582989
2019-08-27,26.2780269583297
2019-08-28,26.1309433196254
2019-08-29,26.4444119193339
2019-08-30,26.4819252751677
2019-08-31,26.4029935483134
2019-09-01,26.595426301166
2019-09-02,26.7283963408173
2019-09-03,26.6333106179368
2019-09-04,26.5650784721186
2019-09-05,26.6615482651848
2019-09-06,26.6747021006987
2019-09-07,26.8091712296121
2019-09-08,26.9408441353331
2019-09-09,26.9206216804324
2019-09-10,26.9423905383549
2019-09-11,26.524113909427
2019-09-12,26.3805947349212
2019-09-13,26.3406788035202
2019-09-14,26.3767048867837
2019-09-15,26.3111894288589
2019-09-16,26.5960798867837
2019-09-17,26.8797030307258
2019-09-18,27.0721558609144
2019-09-19,27.0554548867837
2019-09-20,26.844574454481
2019-09-21,26.8644874915328
2019-09-22,26.9148298867837
2019-09-23,27.0375951824597
2019-09-24,27.2857829921
2019-09-25,27.1511102125693
2019-09-26,27.1445134214534
2019-09-27,26.9678448947326
2019-09-28,27.0908200625622
2019-09-29,26.9399540247478
2019-09-30,26.9016650483165
2019-10-01,27.0607618167161
2019-10-02,26.9823382067623
2019-10-03,26.7949564442205
2019-10-04,26.935271339425
2019-10-05,26.9911749219969
2019-10-06,27.0850859695435
2019-10-07,27.0427035045688
2019-10-08,27.1818677568531
2019-10-09,27.1335356307109
2019-10-10,27.3098408059288
2019-10-11,27.2620484334198
2019-10-12,27.1628175315692
2019-10-13,27.157659962818
2019-10-14,27.2795183289811
2019-10-15,27.2717999219969
2019-10-16,27.2653332548396
2019-10-17,27.3116606307109
2019-10-18,27.4062713954876
2019-10-19,27.3834637512485
2019-10-20,27.5804106307109
2019-10-21,27.7449249219969
2019-10-22,27.613396339425
2019-10-23,27.6137106648287
2019-10-24,27.437675160955
2019-10-25,27.456170275205
2019-10-26,27.1829784655672
2019-10-27,27.3311749219969
2019-10-28,27.2697856307109
2019-10-29,27.4323485176604
2019-10-30,27.3855499219969
2019-10-31,27.5475830246148
2019-11-01,27.3012245305918
2019-11-02,27.1660504625736
2019-11-03,27.330259361117
2019-11-04,27.4474042733235
2019-11-05,27.6769592734497
2019-11-06,27.6870660743248
2019-11-07,27.8494602637332
2019-11-08,27.7330989073365
2019-11-09,27.7256328978368
2019-11-10,27.662482183908
2019-11-11,28.0502928535732
2019-11-12,27.9240564779339
2019-11-13,27.7487146303392
2019-11-14,27.4110603093515
2019-11-15,27.7195431034483
2019-11-16,27.8520431034483
2019-11-17,27.9755739273221
2019-11-18,27.8664181034483
2019-11-19,27.7968959841067
2019-11-20,27.6043033915141
2019-11-21,27.7407231446005
2019-11-22,27.7445431034483
2019-11-23,27.660607183908
2019-11-24,27.5888484059857
2019-11-25,27.7393837923805
2019-11-26,27.6939181034483
2019-11-27,27.9791712643678
2019-11-28,28.062482183908
2019-11-29,28.1964403512529
2019-11-30,28.1436985632184
2019-12-01,28.0477248770573
2019-12-02,27.8105541067002
2019-12-03,27.7073981575389
2019-12-04,27.6905820199144
2019-12-05,27.6935912995883
2019-12-06,27.5879478314857
2019-12-07,27.4659352528693
2019-12-08,27.4731425603725
2019-12-09,27.6079262452107
2019-12-10,27.3104577963119
2019-12-11,27.1837064583177
2019-12-12,27.1272527890467
2019-12-13,27.1786724708331
2019-12-14,27.1709179384904
2019-12-15,27.0168786490957
2019-12-16,26.9796377721503
2019-12-17,27.08733196427
2019-12-18,27.2324240324766
2019-12-19,27.4625752301772
2019-12-20,27.5565459644905
2019-12-21,27.6591762452107
2019-12-22,27.1612402039238
2019-12-23,27.3170836150552
2019-12-24,27.6343911901492
2019-12-25,27.1726064406288
2019-12-26,27.1802543789149
2019-12-27,27.3545657372325
2019-12-28,27.2908974418944
2019-12-29,27.3024285139634
2019-12-30,27.4749566830173
2019-12-31,27.2042833284213
2020-01-01,26.9116986168141
2020-01-02,26.9271987718522
2020-01-03,26.8463518422561
2020-01-04,26.9582106005098
2020-01-05,26.8522385592792
2020-01-06,26.8476614267709
2020-01-07,27.0577271820762
2020-01-08,26.9743938487429
2020-01-09,26.9954484358224
2020-01-10,26.7029897087469
2020-01-11,26.6888609375276
2020-01-12,26.8487175484016
2020-01-13,27.1605028595619
2020-01-14,27.3874020801062
2020-01-15,27.2596310024342
2020-01-16,27.2515936930149
2020-01-17,27.4940737718522
2020-01-18,27.4986436026226
2020-01-19,27.5858603993481
2020-01-20,27.5341415412702
2020-01-21,27.503538657882
2020-01-22,27.6086102133525
2020-01-23,27.4015639968717
2020-01-24,27.3376561900822
2020-01-25,27.3742770801062
2020-01-26,27.432812233019
2020-01-27,27.6214397732692
2020-01-28,27.7048042839137
2020-01-29,27.6038948061365
2020-01-30,27.1121230030829
2020-01-31,27.1115692335604
2020-02-01,27.0156823975068
2020-02-02,27.1242833838266
2020-02-03,27.0063291265925
2020-02-04,27.0748588058267
2020-02-05,27.0787217646293
2020-02-06,27.2287399164219
2020-02-07,26.6576306711435
2020-02-08,26.9504593006049
2020-02-09,26.8150380785509
2020-02-10,26.9205099102054
2020-02-11,27.1144682427904
2020-02-12,27.236629062839
2020-02-13,27.1971544093573
2020-02-14,27.294686553251
2020-02-15,27.2118818888803
2020-02-16,26.9922937117393
2020-02-17,26.7327094946907
2020-02-18,26.6722743399083
2020-02-19,26.6616872523887
2020-02-20,26.8622802890927
2020-02-21,26.9773698035797
2020-02-22,27.1461593020782
2020-02-23,27.3325227871133
2020-02-24,27.4382448354596
2020-02-25,27.325961028433
2020-02-26,27.3996383525359
2020-02-27,27.4989747418513
2020-02-28,27.5302971120894
2020-02-29,27.4526733492108
2020-03-01,27.4553434620082
2020-03-02,27.5131898652688
2020-03-03,27.4120507790814
2020-03-04,27.0788073231776
2020-03-05,26.9003452692982
2020-03-06,27.0182012625715
2020-03-07,26.8871292592082
2020-03-08,26.9405454098439
2020-03-09,27.2794133837836
2020-03-10,27.6201415141726
2020-03-11,27.8418562371745
2020-03-12,27.4667259372353
2020-03-13,27.4777581144197
2020-03-14,27.3404751199642
2020-03-15,27.5524585873433
2020-03-16,27.2824546747527
2020-03-17,27.2244556740495
2020-03-18,27.1837200541418
2020-03-19,26.9755834518566
2020-03-20,26.8118868732585
2020-03-21,26.9494556740495
2020-03-22,26.9357132282574
2020-03-23,26.8774459972021
2020-03-24,26.9251518460521
2020-03-25,27.3578785664775
2020-03-26,27.2801007886997
2020-03-27,27.301262163505
2020-03-28,27.3305296182169
2020-03-29,27.296914337418
2020-03-30,27.2422559523249
2020-03-31,27.278758280877
2020-04-01,27.3029002674332
2020-04-02,27.4292129415939
2020-04-03,27.3850387940102
2020-04-04,27.5150708719529
2020-04-05,27.1786445332002
2020-04-06,26.9167878900603
2020-04-07,26.8650311391887
2020-04-08,26.972207978355
2020-04-09,27.1928067314612
2020-04-10,27.486479327062
2020-04-11,27.2692988295335
2020-04-12,27.4108077883175
2020-04-13,27.3646848061241
2020-04-14,27.3049245486609
2020-04-15,27.5006288953666
2020-04-16,27.4464978029644
2020-04-17,27.5606310928344
2020-04-18,27.5157544089272
2020-04-19,27.4390908670107
2020-04-20,27.7825664463831
2020-04-21,27.7873761253545
2020-04-22,27.8458355513088
2020-04-23,27.472819462082
2020-04-24,27.4182841750446
2020-04-25,27.3005066118771
2020-04-26,27.1808127213154
2020-04-27,27.1451009341251
2020-04-28,26.7977803607089
2020-04-29,27.0269986994816
2020-04-30,26.9825542550372
2020-05-01,27.1670846625767
2020-05-02,27.0558605538053
2020-05-03,27.4741579259846
2020-05-04,27.6306756538586
2020-05-05,27.8218486165847
2020-05-06,27.8025126020867
2020-05-07,27.960827025735
2020-05-08,27.6335199901182
2020-05-09,27.5241893076249
2020-05-10,27.6194136833113
2020-05-11,27.7235542724247
2020-05-12,27.7701672079875
2020-05-13,27.6491198678622
2020-05-14,27.687411530492
2020-05-15,27.8722224421136
2020-05-16,27.9483815555116
2020-05-17,27.6099713170265
2020-05-18,27.468621837283
2020-05-19,27.5484590869253
2020-05-20,27.4057936133396
2020-05-21,27.4393044214089
2020-05-22,27.3326298568507
2020-05-23,27.4017317906699
2020-05-24,27.5727209418007
2020-05-25,27.488852800834
2020-05-26,27.4587041361567
2020-05-27,27.3097320403721
2020-05-28,27.1636904809024
2020-05-29,27.2505832007877
2020-05-30,27.4389432515337
2020-05-31,27.2539521320912
2020-06-01,26.9265740047524
2020-06-02,27.101476105462
2020-06-03,27.072274496442
2020-06-04,26.9166465292899
2020-06-05,26.7119750961266
2020-06-06,26.7190257186473
2020-06-07,26.8256804749237
2020-06-08,26.9153099413711
2020-06-09,26.9498673963104
2020-06-10,27.098448057837
2020-06-11,27.0393375909501
2020-06-12,26.9421350777689
2020-06-13,26.8413082522577
2020-06-14,27.1991539237755
2020-06-15,27.184918515001
2020-06-16,26.9440298126174
2020-06-17,26.9472308468524
2020-06-18,26.8441013424619
2020-06-19,26.9092016459827
2020-06-20,26.7867328247219
2020-06-21,26.6137702902279
2020-06-22,26.5158668274208
2020-06-23,26.589845552649
2020-06-24,26.5202805898246
2020-06-25,26.6621282330448
2020-06-26,26.6223742716708
2020-06-27,26.5170301948304
2020-06-28,26.7221615658943
2020-06-29,26.8260573005148
2020-06-30,26.6752598385469
2020-07-01,26.4510127167449
2020-07-02,26.4687146075336
2020-07-03,26.61221274369
2020-07-04,26.71082775136
2020-07-05,26.6427979920654
2020-07-06,26.479551369204
2020-07-07,26.4383497232963
2020-07-08,26.317619058134
2020-07-09,26.2360348689715
2020-07-10,26.5773861330283
2020-07-11,26.556505060319
2020-07-12,26.5559163184341
2020-07-13,26.4002615283772
2020-07-14,26.442589911748
2020-07-15,26.4794157581392
2020-07-16,26.5664192619057
2020-07-17,26.8689899068596
2020-07-18,26.6261590515634
2020-07-19,26.6458636446442
2020-07-20,26.6662619948777
2020-07-21,26.6979607487286
2020-07-22,26.6416439458343
2020-07-23,26.3378244053736
2020-07-24,26.3183108589875
2020-07-25,26.2388367665149
2020-07-26,26.1796622362768
2020-07-27,26.2703166358376
2020-07-28,26.3654270068042
2020-07-29,26.2571881239965
2020-07-30,26.2256090012301
2020-07-31,26.2412220333036
2020-08-01,26.1425629662224
2020-08-02,26.2344208364764
2020-08-03,26.2885099740173
2020-08-04,26.5136541009398
2020-08-05,26.3437785067166
2020-08-06,26.5334754764136
2020-08-07,26.8048599396022
2020-08-08,26.9528694158076
2020-08-09,27.0442607493085
2020-08-10,27.1072841820265
2020-08-11,26.9915266062689
2020-08-12,26.8614654052468
2020-08-13,26.6106591690097
2020-08-14,26.6115870699292
2020-08-15,26.6008735974827
2020-08-16,26.5951629699052
2020-08-17,26.702435697178
2020-08-18,26.538010288577
2020-08-19,26.5478902426325
2020-08-20,26.8188630811907
2020-08-21,27.0319390965926
2020-08-22,26.9229029520142
2020-08-23,26.8848212437378
2020-08-24,26.7948182859523
2020-08-25,26.848365614912
2020-08-26,26.7340061276032
2020-08-27,26.8522633552015
2020-08-28,26.8149489742789
2020-08-29,26.7088110803788
2020-08-30,26.9243845673227
2020-08-31,27.0066247251926
2020-09-01,27.0402861212284
2020-09-02,26.7905331052154
2020-09-03,26.7777107279693
2020-09-04,27.0270857279694
2020-09-05,26.9139607279694
2020-09-06,26.8264607279693
2020-09-07,26.9189272030651
2020-09-08,27.0398350570539
2020-09-09,27.0071071823081
2020-09-10,26.668954200818
2020-09-11,26.810675028108
2020-09-12,26.9184858347409
2020-09-13,26.716463966032
2020-09-14,26.6369421145283
2020-09-15,29.4
2020-09-16,28.7
2020-09-17,29.1
2020-09-18,30.8
2020-09-19,30.8
2020-09-20,30.6
2020-09-21,29.8
2020-09-22,27
2020-09-23,28.7
2020-09-24,29.8
2020-09-25,29.4
2020-09-26,29.7
2020-09-27,29
2020-09-28,27.1860379500443
2020-09-29,27.338774377462
2020-09-30,27.2370276659946
2020-10-01,27.3233315647229
2020-10-02,27.3857911542344
2020-10-03,26.945030018101
2020-10-04,27.0563769461624
2020-10-05,27.2241191490773
2020-10-06,27.1141852232594
2020-10-07,27.0306985559195
2020-10-08,26.9521346862385
2020-10-09,26.7899728076139
2020-10-10,26.9668020759065
2020-10-11,27.247230604699
2020-10-12,27.2251191752199
2020-10-13,27.3918710613789
2020-10-14,27.5668020759066
2020-10-15,27.2604037985928
2020-10-16,27.3997221278042
2020-10-17,27.195440144684
2020-10-18,27.2565156817819
2020-10-19,26.970151711558
2020-10-20,27.4686444251306
2020-10-21,27.3388184219811
2020-10-22,27.2888617161221
2020-10-23,27.4660213591807
2020-10-24,27.3422604565459
2020-10-25,27.1974295249278
2020-10-26,26.9929753002493
2020-10-27,27.0835897413692
2020-10-28,27.364860061405
2020-10-29,27.4833599156339
2020-10-30,27.3074981283722
2020-10-31,26.9153725652469
2020-11-01,27.0476865385267
2020-11-02,27.0162991952687
2020-11-03,26.8744638886694
2020-11-04,27.2248876987844
2020-11-05,27.2061712057426
2020-11-06,27.2414177144755
2020-11-07,27.4301914097009
2020-11-08,27.075073644767
2020-11-09,27.299086426132
2020-11-10,27.6121942966219
2020-11-11,27.822586396323
2020-11-12,28.0693998939064
2020-11-13,28.1520864857499
2020-11-14,27.7313102034675
2020-11-15,27.6372168485683
2020-11-16,27.7751078090977
2020-11-17,27.453634891254
2020-11-18,27.680683833399
2020-11-19,27.578846098914
2020-11-20,27.4854394984255
2020-11-21,27.1638254858862
2020-11-22,26.9098170092374
2020-11-23,26.7490692966219
2020-11-24,26.8373949833439
2020-11-25,26.8696114667963
2020-11-26,26.8680098912541
2020-11-27,26.892930555269
2020-11-28,26.7871123005686
2020-11-29,26.705579636713
2020-11-30,26.7841063610152
2020-12-01,27.0414403162055
2020-12-02,27.0846600790514
2020-12-03,26.8801076352068
2020-12-04,26.8386513736997
2020-12-05,26.8107481442206
2020-12-06,26.7114785243742
2020-12-07,26.8026901185771
2020-12-08,27.319963372859
2020-12-09,26.9318951251647
2020-12-10,27.0795191199581
2020-12-11,27.060417654809
2020-12-12,26.6069794611897
2020-12-13,26.560138388123
2020-12-14,26.6447417815483
2020-12-15,26.4570416448402
2020-12-16,26.3020463768116
2020-12-17,26.4722902042954
2020-12-18,26.401205866946
2020-12-19,26.595809424629
2020-12-20,26.6181523040875
2020-12-21,26.8066677206851
2020-12-22,26.8818192358366
2020-12-23,26.8979053552492
2020-12-24,26.619793612453
2020-12-25,26.7406641039236
2020-12-26,26.5280877518558
2020-12-27,27.0039605725088
2020-12-28,26.5945465085639
2020-12-29,26.6201609225875
2020-12-30,26.4114275806882
2020-12-31,26.3450162710056
